{
  "train_loss": [
    2.030075407758051,
    1.876690750219384,
    1.7966145812248697,
    1.7378506173892898,
    1.684541983263833,
    1.6422520839438146,
    1.6132713732670765,
    1.5786496917812192,
    1.5413133313461227,
    1.509966037103108,
    1.4877838346422936,
    1.4640821528678039,
    1.4361421976770674,
    1.4162686582730741,
    1.3949811190974957,
    1.377622468130929,
    1.356582254779582,
    1.350130972205376,
    1.3302960341074028,
    1.3279428834817848,
    1.3024012428157183,
    1.2859293252837902,
    1.2804300578273073,
    1.2603934419398406,
    1.2476882198635413,
    1.2396252994634667,
    1.224529892206192,
    1.2164494474323428,
    1.2048469733218758,
    1.2029569830213274,
    1.1949812797259312,
    1.1844086951139021,
    1.1755059635152623,
    1.166447558573314,
    1.1617800660279332,
    1.1577348213414758,
    1.1449503275204678,
    1.1403505522377637,
    1.1304949129722557,
    1.124840379977713,
    1.1218978577122396,
    1.1067335876275082,
    1.1060465257994982,
    1.0976606573985548,
    1.0955003192838357,
    1.0937758161097157,
    1.0792462917006747,
    1.076943141161179,
    1.071376688930453,
    1.062327826205565,
    1.0593495551420717,
    1.0469208368841483,
    1.0471257768115219,
    1.046658707516534,
    1.0352088060914253,
    1.0360924175807409,
    1.0220911089254885,
    1.023350559935278,
    1.0179364051745863,
    1.0093558296865346,
    1.0131202014733334,
    1.0024584921038882,
    1.0004571432970009,
    0.9946143174049805,
    0.991069603331235,
    0.9772595501675898,
    0.9818362554117125,
    0.9799655052472134,
    0.9714393107866754,
    0.9672420338100317,
    0.9560608958103218,
    0.9574526201705543,
    0.9554446199718787,
    0.9543471321159479,
    0.9461271014748788,
    0.9405004613253535,
    0.9438569734291155,
    0.9329057658205226,
    0.926210915251654,
    0.921119006008518,
    0.9203735684253731,
    0.9131526810174085
  ],
  "train_acc": [
    27.68,
    35.124,
    39.064,
    42.1,
    44.776,
    46.892,
    48.348,
    50.308,
    51.668,
    53.392,
    54.8,
    55.508,
    56.92,
    57.764,
    58.94,
    59.628,
    60.712,
    61.104,
    62.088,
    61.812,
    63.516,
    64.408,
    64.236,
    65.128,
    66.08,
    66.308,
    67.0,
    67.536,
    68.12,
    68.16,
    68.392,
    68.984,
    69.048,
    69.9,
    70.256,
    70.268,
    70.568,
    71.088,
    71.58,
    72.024,
    72.264,
    72.868,
    72.596,
    73.14,
    73.44,
    73.136,
    74.296,
    73.76,
    74.608,
    74.616,
    74.776,
    75.484,
    75.432,
    75.5,
    75.94,
    76.264,
    76.4,
    76.78,
    76.944,
    77.468,
    77.052,
    77.744,
    77.496,
    77.86,
    78.128,
    78.876,
    78.696,
    78.928,
    78.952,
    79.296,
    79.728,
    79.796,
    79.92,
    79.892,
    80.464,
    80.764,
    80.4,
    80.836,
    81.424,
    81.412,
    81.548,
    82.0
  ],
  "val_loss": [
    1.8969072405296037,
    1.8268555689461623,
    1.7486739098271238,
    1.7100762053381038,
    1.6644880318943458,
    1.6361228785937345,
    1.6024398260478732,
    1.5740480830397787,
    1.53382539296452,
    1.5082745174818402,
    1.4623700335055967,
    1.4576841200454325,
    1.4358501373967039,
    1.418695944774,
    1.4084957023210163,
    1.385240998449205,
    1.3998004469690444,
    1.3569512261620051,
    1.3569500551948064,
    1.3299943163425108,
    1.3231181570246249,
    1.327613548387455,
    1.2874120654939096,
    1.2845562847354743,
    1.320661039292058,
    1.2910992797416976,
    1.2704412167585348,
    1.25534351415272,
    1.2712004803404022,
    1.2574570194075378,
    1.2354106224035915,
    1.2613300145426882,
    1.2211435444747345,
    1.2155300061913985,
    1.2134820735907252,
    1.208221873150596,
    1.196355000326905,
    1.1882741903956933,
    1.192827058743827,
    1.2046296717245368,
    1.171266717246816,
    1.1789546782457376,
    1.1799305119091952,
    1.1620004554338093,
    1.1696632904342459,
    1.1712190093873422,
    1.1583131295216234,
    1.1511462202555016,
    1.1494387614576123,
    1.1435974858984161,
    1.1353831215749812,
    1.143585585340669,
    1.1256312267689765,
    1.134183485296708,
    1.139703851711901,
    1.1301587178737302,
    1.1199676386917694,
    1.1198283479183535,
    1.1245056903814967,
    1.1124078714394872,
    1.1193008000337625,
    1.108495749250243,
    1.111731486229957,
    1.1058101669142517,
    1.1175624569760094,
    1.0995717274991772,
    1.1082771171497394,
    1.098480125771293,
    1.1156799129292936,
    1.099008196516882,
    1.0957745547536053,
    1.0833454026451594,
    1.0805825055400027,
    1.092838405053827,
    1.0748110828520376,
    1.0837117297739922,
    1.0774080353447153,
    1.076925417290458,
    1.0797032321555704,
    1.0848198314256305,
    1.074878043766263,
    1.065215588370456
  ],
  "val_acc": [
    33.92,
    37.63,
    41.23,
    42.95,
    45.47,
    47.57,
    49.22,
    51.06,
    52.45,
    53.83,
    56.16,
    56.5,
    57.39,
    58.12,
    58.93,
    60.23,
    58.85,
    61.25,
    61.11,
    62.42,
    63.06,
    62.79,
    64.42,
    64.65,
    62.65,
    64.34,
    65.38,
    66.02,
    65.13,
    65.46,
    66.66,
    65.76,
    67.93,
    68.0,
    67.77,
    68.11,
    69.04,
    69.44,
    69.07,
    68.59,
    70.03,
    69.64,
    69.68,
    70.3,
    69.87,
    70.35,
    70.7,
    70.91,
    71.1,
    71.31,
    71.6,
    71.71,
    72.28,
    71.7,
    71.67,
    72.09,
    72.19,
    72.31,
    72.3,
    73.15,
    72.84,
    73.02,
    72.96,
    72.94,
    72.29,
    73.09,
    73.21,
    73.99,
    72.99,
    73.63,
    73.77,
    74.38,
    74.75,
    74.0,
    74.97,
    74.36,
    74.66,
    74.54,
    74.91,
    74.67,
    74.99,
    75.5
  ],
  "epoch_times": [
    17.42570686340332,
    16.410395860671997,
    17.342233896255493,
    16.185726642608643,
    16.048441648483276,
    16.19063091278076,
    16.964648485183716,
    16.646101236343384,
    16.297757387161255,
    15.881816625595093,
    16.188437938690186,
    16.818831205368042,
    16.268713235855103,
    15.845465660095215,
    16.6976580619812,
    16.01876211166382,
    15.449638843536377,
    17.627394914627075,
    17.466094493865967,
    16.704086780548096,
    16.058298587799072,
    17.958146572113037,
    15.41928768157959,
    15.787575721740723,
    15.556689262390137,
    15.825089931488037,
    16.08070158958435,
    16.01215934753418,
    15.855145454406738,
    16.99464464187622,
    16.45187735557556,
    15.38807988166809,
    15.808040142059326,
    17.91271424293518,
    18.574881315231323,
    15.40338659286499,
    15.934314966201782,
    16.45766830444336,
    15.437150955200195,
    17.735037088394165,
    16.95242977142334,
    18.646519660949707,
    16.936522722244263,
    16.494582891464233,
    18.946326971054077,
    19.189666271209717,
    19.521918058395386,
    19.29446816444397,
    19.249066591262817,
    19.343464374542236,
    24.236882209777832,
    18.52767848968506,
    19.64152455329895,
    19.35431432723999,
    19.131635427474976,
    19.7606782913208,
    16.805113077163696,
    16.34508728981018,
    18.9644775390625,
    21.286213636398315,
    19.4151930809021,
    19.83982753753662,
    19.467009782791138,
    19.419719696044922,
    19.387786865234375,
    19.98957848548889,
    19.46720862388611,
    19.580857515335083,
    19.71780014038086,
    19.498846530914307,
    17.625369548797607,
    16.319711685180664,
    16.898736476898193,
    16.635533332824707,
    20.547802448272705,
    22.881056547164917,
    22.739296674728394,
    17.38288974761963,
    20.739933729171753,
    20.86078453063965,
    20.93262219429016,
    18.351948261260986
  ]
}