{
  "total_time_seconds": 1466.482952594757,
  "total_time_str": "0:24:26",
  "avg_epoch_time_seconds": 17.847042880407194,
  "epochs_completed": 82,
  "epoch_times": [
    17.42570686340332,
    16.410395860671997,
    17.342233896255493,
    16.185726642608643,
    16.048441648483276,
    16.19063091278076,
    16.964648485183716,
    16.646101236343384,
    16.297757387161255,
    15.881816625595093,
    16.188437938690186,
    16.818831205368042,
    16.268713235855103,
    15.845465660095215,
    16.6976580619812,
    16.01876211166382,
    15.449638843536377,
    17.627394914627075,
    17.466094493865967,
    16.704086780548096,
    16.058298587799072,
    17.958146572113037,
    15.41928768157959,
    15.787575721740723,
    15.556689262390137,
    15.825089931488037,
    16.08070158958435,
    16.01215934753418,
    15.855145454406738,
    16.99464464187622,
    16.45187735557556,
    15.38807988166809,
    15.808040142059326,
    17.91271424293518,
    18.574881315231323,
    15.40338659286499,
    15.934314966201782,
    16.45766830444336,
    15.437150955200195,
    17.735037088394165,
    16.95242977142334,
    18.646519660949707,
    16.936522722244263,
    16.494582891464233,
    18.946326971054077,
    19.189666271209717,
    19.521918058395386,
    19.29446816444397,
    19.249066591262817,
    19.343464374542236,
    24.236882209777832,
    18.52767848968506,
    19.64152455329895,
    19.35431432723999,
    19.131635427474976,
    19.7606782913208,
    16.805113077163696,
    16.34508728981018,
    18.9644775390625,
    21.286213636398315,
    19.4151930809021,
    19.83982753753662,
    19.467009782791138,
    19.419719696044922,
    19.387786865234375,
    19.98957848548889,
    19.46720862388611,
    19.580857515335083,
    19.71780014038086,
    19.498846530914307,
    17.625369548797607,
    16.319711685180664,
    16.898736476898193,
    16.635533332824707,
    20.547802448272705,
    22.881056547164917,
    22.739296674728394,
    17.38288974761963,
    20.739933729171753,
    20.86078453063965,
    20.93262219429016,
    18.351948261260986
  ]
}